split,accuracy,balanced_accuracy,f1_weighted
train,0.9941666666666666,0.9891666666666666,0.9941996974315165
test,0.8666666666666667,0.6666666666666666,0.8504038638901025
